{
    "pe": 700,
    "mem": 800,
    "glb": 1100,
    "rmux": 0,
    "mem2pe_clk": -130,
    "pe2mem_clk": 130,
    "north_input_clk": 44,
    "south_input_clk": -44,
    "pe2pe_west_east_input_clk": 0,

    "PE_B17_NORTH_SOUTH": 184.89999999999998,
    "PE_B17_NORTH_EAST": 179.5,
    "PE_B17_NORTH_WEST": 164.10000000000002,
    "PE_B17_SOUTH_NORTH": 151.0,
    "PE_B17_SOUTH_EAST": 148.5,
    "PE_B17_SOUTH_WEST": 146.39999999999998,
    "PE_B17_EAST_NORTH": 171.3,
    "PE_B17_EAST_SOUTH": 178.7,
    "PE_B17_EAST_WEST": 151.7,
    "PE_B17_WEST_NORTH": 153.3,
    "PE_B17_WEST_SOUTH": 139.5,
    "PE_B17_WEST_EAST": 149.0,
    "PE_B1_NORTH_SOUTH": 185.29999999999995,
    "PE_B1_NORTH_EAST": 208.20000000000005,
    "PE_B1_NORTH_WEST": 203.29999999999995,
    "PE_B1_SOUTH_NORTH": 198.29999999999995,
    "PE_B1_SOUTH_EAST": 203.60000000000002,
    "PE_B1_SOUTH_WEST": 205.89999999999998,
    "PE_B1_EAST_NORTH": 208.89999999999998,
    "PE_B1_EAST_SOUTH": 195.20000000000005,
    "PE_B1_EAST_WEST": 208.29999999999995,
    "PE_B1_WEST_NORTH": 205.5,
    "PE_B1_WEST_SOUTH": 162.10000000000002,
    "PE_B1_WEST_EAST": 204.39999999999998,
    "PE_B17_valid_NORTH_SOUTH": 181.8,
    "PE_B17_valid_NORTH_EAST": 169.39999999999998,
    "PE_B17_valid_NORTH_WEST": 174.89999999999998,
    "PE_B17_valid_SOUTH_NORTH": 150.60000000000002,
    "PE_B17_valid_SOUTH_EAST": 134.39999999999998,
    "PE_B17_valid_SOUTH_WEST": 152.7,
    "PE_B17_valid_EAST_NORTH": 142.7,
    "PE_B17_valid_EAST_SOUTH": 136.60000000000002,
    "PE_B17_valid_EAST_WEST": 95.39999999999998,
    "PE_B17_valid_WEST_NORTH": 153.60000000000002,
    "PE_B17_valid_WEST_SOUTH": 145.7,
    "PE_B17_valid_WEST_EAST": 135.7,
    "PE_B1_valid_NORTH_SOUTH": 146.60000000000002,
    "PE_B1_valid_NORTH_EAST": 147.3,
    "PE_B1_valid_NORTH_WEST": 141.5,
    "PE_B1_valid_SOUTH_NORTH": 122.69999999999999,
    "PE_B1_valid_SOUTH_EAST": 140.0,
    "PE_B1_valid_SOUTH_WEST": 136.3,
    "PE_B1_valid_EAST_NORTH": 132.8,
    "PE_B1_valid_EAST_SOUTH": 134.5,
    "PE_B1_valid_EAST_WEST": 114.30000000000001,
    "PE_B1_valid_WEST_NORTH": 141.39999999999998,
    "PE_B1_valid_WEST_SOUTH": 143.2,
    "PE_B1_valid_WEST_EAST": 139.39999999999998,
    "PE_B17_ready_NORTH_SOUTH": 205.89999999999998,
    "PE_B17_ready_NORTH_EAST": 205.89999999999998,
    "PE_B17_ready_NORTH_WEST": 203.10000000000002,
    "PE_B17_ready_SOUTH_NORTH": 206.0,
    "PE_B17_ready_SOUTH_EAST": 201.89999999999998,
    "PE_B17_ready_SOUTH_WEST": 205.89999999999998,
    "PE_B17_ready_EAST_NORTH": 201.0,
    "PE_B17_ready_EAST_SOUTH": 185.29999999999995,
    "PE_B17_ready_EAST_WEST": 200.5,
    "PE_B17_ready_WEST_NORTH": 206.5,
    "PE_B17_ready_WEST_SOUTH": 208.20000000000005,
    "PE_B17_ready_WEST_EAST": 203.29999999999995,
    "PE_B1_ready_NORTH_SOUTH": 178.39999999999998,
    "PE_B1_ready_NORTH_EAST": 189.5,
    "PE_B1_ready_NORTH_WEST": 191.60000000000002,
    "PE_B1_ready_SOUTH_NORTH": 204.0,
    "PE_B1_ready_SOUTH_EAST": 183.20000000000005,
    "PE_B1_ready_SOUTH_WEST": 171.7,
    "PE_B1_ready_EAST_NORTH": 203.10000000000002,
    "PE_B1_ready_EAST_SOUTH": 176.10000000000002,
    "PE_B1_ready_EAST_WEST": 190.20000000000005,
    "PE_B1_ready_WEST_NORTH": 192.39999999999998,
    "PE_B1_ready_WEST_SOUTH": 188.29999999999995,
    "PE_B1_ready_WEST_EAST": 187.70000000000005,

    "MEM_B1_valid_NORTH_SOUTH": 169.89999999999998,
    "MEM_B1_valid_NORTH_EAST": 171.39999999999998,
    "MEM_B1_valid_NORTH_WEST": 171.8,
    "MEM_B1_valid_SOUTH_NORTH": 157.5,
    "MEM_B1_valid_SOUTH_EAST": 161.7,
    "MEM_B1_valid_SOUTH_WEST": 162.2,
    "MEM_B1_valid_EAST_NORTH": 181.7,
    "MEM_B1_valid_EAST_SOUTH": 182.89999999999998,
    "MEM_B1_valid_EAST_WEST": 161.7,
    "MEM_B1_valid_WEST_NORTH": 195.39999999999998,
    "MEM_B1_valid_WEST_SOUTH": 180.89999999999998,
    "MEM_B1_valid_WEST_EAST": 190.2,
    "MEM_B1_NORTH_SOUTH": 197.0,
    "MEM_B1_NORTH_EAST": 188.3,
    "MEM_B1_NORTH_WEST": 181.2,
    "MEM_B1_SOUTH_NORTH": 152.89999999999998,
    "MEM_B1_SOUTH_EAST": 153.2,
    "MEM_B1_SOUTH_WEST": 151.7,
    "MEM_B1_EAST_NORTH": 182.7,
    "MEM_B1_EAST_SOUTH": 185.5,
    "MEM_B1_EAST_WEST": 171.10000000000002,
    "MEM_B1_WEST_NORTH": 186.60000000000002,
    "MEM_B1_WEST_SOUTH": 182.0,
    "MEM_B1_WEST_EAST": 181.7,
    "MEM_B17_valid_NORTH_SOUTH": 239.89999999999998,
    "MEM_B17_valid_NORTH_EAST": 291.5,
    "MEM_B17_valid_NORTH_WEST": 287.5,
    "MEM_B17_valid_SOUTH_NORTH": 227.60000000000002,
    "MEM_B17_valid_SOUTH_EAST": 286.0,
    "MEM_B17_valid_SOUTH_WEST": 267.8,
    "MEM_B17_valid_EAST_NORTH": 246.3,
    "MEM_B17_valid_EAST_SOUTH": 256.8,
    "MEM_B17_valid_EAST_WEST": 299.79999999999995,
    "MEM_B17_valid_WEST_NORTH": 250.5,
    "MEM_B17_valid_WEST_SOUTH": 207.60000000000002,
    "MEM_B17_valid_WEST_EAST": 287.1,
    "MEM_B17_NORTH_SOUTH": 282.5,
    "MEM_B17_NORTH_EAST": 261.1,
    "MEM_B17_NORTH_WEST": 221.10000000000002,
    "MEM_B17_SOUTH_NORTH": 181.7,
    "MEM_B17_SOUTH_EAST": 236.8,
    "MEM_B17_SOUTH_WEST": 197.7,
    "MEM_B17_EAST_NORTH": 219.2,
    "MEM_B17_EAST_SOUTH": 280.4,
    "MEM_B17_EAST_WEST": 218.8,
    "MEM_B17_WEST_NORTH": 210.39999999999998,
    "MEM_B17_WEST_SOUTH": 261.0,
    "MEM_B17_WEST_EAST": 255.8,
    "MEM_B1_ready_NORTH_SOUTH": 284.6,
    "MEM_B1_ready_NORTH_EAST": 278.4,
    "MEM_B1_ready_NORTH_WEST": 285.4,
    "MEM_B1_ready_SOUTH_NORTH": 274.5,
    "MEM_B1_ready_SOUTH_EAST": 296.1,
    "MEM_B1_ready_SOUTH_WEST": 241.10000000000002,
    "MEM_B1_ready_EAST_NORTH": 285.7,
    "MEM_B1_ready_EAST_SOUTH": 237.39999999999998,
    "MEM_B1_ready_EAST_WEST": 299.0,
    "MEM_B1_ready_WEST_NORTH": 279.6,
    "MEM_B1_ready_WEST_SOUTH": 294.0,
    "MEM_B1_ready_WEST_EAST": 297.29999999999995,
    "MEM_B17_ready_NORTH_SOUTH": 232.10000000000002,
    "MEM_B17_ready_NORTH_EAST": 226.89999999999998,
    "MEM_B17_ready_NORTH_WEST": 260.5,
    "MEM_B17_ready_SOUTH_NORTH": 276.2,
    "MEM_B17_ready_SOUTH_EAST": 257.6,
    "MEM_B17_ready_SOUTH_WEST": 280.0,
    "MEM_B17_ready_EAST_NORTH": 282.5,
    "MEM_B17_ready_EAST_SOUTH": 249.8,
    "MEM_B17_ready_EAST_WEST": 280.4,
    "MEM_B17_ready_WEST_NORTH": 264.5,
    "MEM_B17_ready_WEST_SOUTH": 256.9,
    "MEM_B17_ready_WEST_EAST": 261.8
}
